
-- Inserindo Dados de passageiros

INSERT INTO Passageiros (Passageiro_ID, Nome, CPF, Data_Nascimento, Email, Telefone) VALUES 
(1, 'Carlos Silva', '123.456.789-10', TO_DATE('1990-05-21', 'YYYY-MM-DD'), 'carlos@exemplo.com', '11987654321');

INSERT INTO Passageiros (Passageiro_ID, Nome, CPF, Data_Nascimento, Email, Telefone) VALUES 
(2, 'Maria Oliveira', '234.567.890-11', TO_DATE('1985-03-12', 'YYYY-MM-DD'), 'maria.oliveira@example.com', '11998765432');

INSERT INTO Passageiros (Passageiro_ID, Nome, CPF, Data_Nascimento, Email, Telefone) VALUES 
(3, 'João Pereira', '345.678.901-22', TO_DATE('1992-08-25', 'YYYY-MM-DD'), 'joao.pereira@example.com', '11999887766');

INSERT INTO Passageiros (Passageiro_ID, Nome, CPF, Data_Nascimento, Email, Telefone) VALUES 
(4, 'Ana Costa', '456.789.012-33', TO_DATE('1998-12-01', 'YYYY-MM-DD'), 'ana.costa@example.com', '11987654333');

INSERT INTO Passageiros (Passageiro_ID, Nome, CPF, Data_Nascimento, Email, Telefone) VALUES 
(5, 'Carlos Santos', '567.890.123-44', TO_DATE('1990-09-14', 'YYYY-MM-DD'), 'carlos.santos@example.com', '11991234567');

INSERT INTO Passageiros (Passageiro_ID, Nome, CPF, Data_Nascimento, Email, Telefone) VALUES 
(6, 'Fernanda Souza', '678.901.234-55', TO_DATE('1987-07-08', 'YYYY-MM-DD'), 'fernanda.souza@example.com', '11992345678');

INSERT INTO Passageiros (Passageiro_ID, Nome, CPF, Data_Nascimento, Email, Telefone) VALUES 
(7, 'Lucas Silva', '789.012.345-66', TO_DATE('1984-11-19', 'YYYY-MM-DD'), 'lucas.silva@example.com', '11993456789');

INSERT INTO Passageiros (Passageiro_ID, Nome, CPF, Data_Nascimento, Email, Telefone) VALUES 
(8, 'Juliana Mendes', '890.123.456-77', TO_DATE('1996-04-22', 'YYYY-MM-DD'), 'juliana.mendes@example.com', '11994567890');

INSERT INTO Passageiros (Passageiro_ID, Nome, CPF, Data_Nascimento, Email, Telefone) VALUES 
(9, 'Pedro Lima', '901.234.567-88', TO_DATE('1991-01-30', 'YYYY-MM-DD'), 'pedro.lima@example.com', '11995678901');

INSERT INTO Passageiros (Passageiro_ID, Nome, CPF, Data_Nascimento, Email, Telefone) VALUES 
(10, 'Clara Fernandes', '012.345.678-99', TO_DATE('1989-05-10', 'YYYY-MM-DD'), 'clara.fernandes@example.com', '11996789012');

INSERT INTO Passageiros (Passageiro_ID, Nome, CPF, Data_Nascimento, Email, Telefone) VALUES 
(11, 'Gabriel Rocha', '123.456.789-00', TO_DATE('1993-06-16', 'YYYY-MM-DD'), 'gabriel.rocha@example.com', '11997890123');

INSERT INTO Passageiros (Passageiro_ID, Nome, CPF, Data_Nascimento, Email, Telefone) VALUES 
(12, 'Laura Faria', '234.567.890-01', TO_DATE('1995-09-20', 'YYYY-MM-DD'), 'laura.faria@example.com', '11998901234');

INSERT INTO Passageiros (Passageiro_ID, Nome, CPF, Data_Nascimento, Email, Telefone) VALUES 
(13, 'Renato Almeida', '345.678.901-02', TO_DATE('1983-10-05', 'YYYY-MM-DD'), 'renato.almeida@example.com', '11999012345');

INSERT INTO Passageiros (Passageiro_ID, Nome, CPF, Data_Nascimento, Email, Telefone) VALUES 
(14, 'Tatiana Braga', '456.789.012-03', TO_DATE('1986-02-11', 'YYYY-MM-DD'), 'tatiana.braga@example.com', '11990123456');

INSERT INTO Passageiros (Passageiro_ID, Nome, CPF, Data_Nascimento, Email, Telefone) VALUES 
(15, 'Rafael Martins', '567.890.123-04', TO_DATE('1988-03-03', 'YYYY-MM-DD'), 'rafael.martins@example.com', '11991234567');

INSERT INTO Passageiros (Passageiro_ID, Nome, CPF, Data_Nascimento, Email, Telefone) VALUES 
(16, 'Beatriz Carvalho', '678.901.234-05', TO_DATE('1994-07-27', 'YYYY-MM-DD'), 'beatriz.carvalho@example.com', '11992345678');

INSERT INTO Passageiros (Passageiro_ID, Nome, CPF, Data_Nascimento, Email, Telefone) VALUES 
(17, 'Felipe Correia', '789.012.345-06', TO_DATE('1997-11-13', 'YYYY-MM-DD'), 'felipe.correia@example.com', '11993456789');

INSERT INTO Passageiros (Passageiro_ID, Nome, CPF, Data_Nascimento, Email, Telefone) VALUES 
(18, 'Marcela Barros', '890.123.456-07', TO_DATE('1999-05-24', 'YYYY-MM-DD'), 'marcela.barros@example.com', '11994567890');

INSERT INTO Passageiros (Passageiro_ID, Nome, CPF, Data_Nascimento, Email, Telefone) VALUES 
(19, 'André Nunes', '901.234.567-08', TO_DATE('1982-12-07', 'YYYY-MM-DD'), 'andre.nunes@example.com', '11995678901');

INSERT INTO Passageiros (Passageiro_ID, Nome, CPF, Data_Nascimento, Email, Telefone) VALUES 
(20, 'Patrícia Ramos', '012.345.678-09', TO_DATE('1991-06-21', 'YYYY-MM-DD'), 'patricia.ramos@example.com', '11996789012');

INSERT INTO Passageiros (Passageiro_ID, Nome, CPF, Data_Nascimento, Email, Telefone) VALUES 
(21, 'Bruno Ferreira', '123.456.789-10', TO_DATE('1980-08-17', 'YYYY-MM-DD'), 'bruno.ferreira@example.com', '11997890123');

INSERT INTO Passageiros (Passageiro_ID, Nome, CPF, Data_Nascimento, Email, Telefone) VALUES 
(22, 'Daniela Freitas', '234.567.890-11', TO_DATE('1990-09-26', 'YYYY-MM-DD'), 'daniela.freitas@example.com', '11998901234');



-- Inserindo Aeroportos



INSERT INTO Aeroportos (Aeroporto_ID, Nome, Codigo_IATA, Cidade, Pais) VALUES 
(2, 'Aeroporto de Congonhas', 'CON', 'São Paulo', 'Brasil');

INSERT INTO Aeroportos (Aeroporto_ID, Nome, Codigo_IATA, Cidade, Pais) VALUES 
(1, 'Aeroporto de Guarulhos', 'GRU', 'São Paulo', 'Brasil');

INSERT INTO Aeroportos (Aeroporto_ID, Nome, Codigo_IATA, Cidade, Pais) VALUES 
(3, 'Aeroporto Internacional de Brasília', 'BSB', 'Brasília', 'Brasil');

INSERT INTO Aeroportos (Aeroporto_ID, Nome, Codigo_IATA, Cidade, Pais) VALUES 
(4, 'Aeroporto de Confins', 'CNF', 'Belo Horizonte', 'Brasil');

INSERT INTO Aeroportos (Aeroporto_ID, Nome, Codigo_IATA, Cidade, Pais) VALUES 
(5, 'Aeroporto Internacional de Salvador', 'SSA', 'Salvador', 'Brasil');

INSERT INTO Aeroportos (Aeroporto_ID, Nome, Codigo_IATA, Cidade, Pais) VALUES 
(6, 'Aeroporto de Recife', 'REC', 'Recife', 'Brasil');

INSERT INTO Aeroportos (Aeroporto_ID, Nome, Codigo_IATA, Cidade, Pais) VALUES 
(7, 'Aeroporto Internacional de Fortaleza', 'FOR', 'Fortaleza', 'Brasil');

INSERT INTO Aeroportos (Aeroporto_ID, Nome, Codigo_IATA, Cidade, Pais) VALUES 
(8, 'Aeroporto de Porto Alegre', 'POA', 'Porto Alegre', 'Brasil');

INSERT INTO Aeroportos (Aeroporto_ID, Nome, Codigo_IATA, Cidade, Pais) VALUES 
(9, 'Aeroporto Internacional de Curitiba', 'CWB', 'Curitiba', 'Brasil');

INSERT INTO Aeroportos (Aeroporto_ID, Nome, Codigo_IATA, Cidade, Pais) VALUES 
(10, 'Aeroporto de Manaus', 'MAO', 'Manaus', 'Brasil');

INSERT INTO Aeroportos (Aeroporto_ID, Nome, Codigo_IATA, Cidade, Pais) VALUES 
(11, 'Aeroporto Internacional de Belém', 'BEL', 'Belém', 'Brasil');

INSERT INTO Aeroportos (Aeroporto_ID, Nome, Codigo_IATA, Cidade, Pais) VALUES 
(12, 'Aeroporto de São Luís', 'SLZ', 'São Luís', 'Brasil');

INSERT INTO Aeroportos (Aeroporto_ID, Nome, Codigo_IATA, Cidade, Pais) VALUES 
(13, 'Aeroporto Internacional de João Pessoa', 'JPA', 'João Pessoa', 'Brasil');

INSERT INTO Aeroportos (Aeroporto_ID, Nome, Codigo_IATA, Cidade, Pais) VALUES 
(14, 'Aeroporto de Aracaju', 'AJU', 'Aracaju', 'Brasil');

INSERT INTO Aeroportos (Aeroporto_ID, Nome, Codigo_IATA, Cidade, Pais) VALUES 
(15, 'Aeroporto Internacional de Teresina', 'THE', 'Teresina', 'Brasil');

INSERT INTO Aeroportos (Aeroporto_ID, Nome, Codigo_IATA, Cidade, Pais) VALUES 
(16, 'Aeroporto de Vitória', 'VIX', 'Vitória', 'Brasil');

INSERT INTO Aeroportos (Aeroporto_ID, Nome, Codigo_IATA, Cidade, Pais) VALUES 
(17, 'Aeroporto Internacional de Porto Seguro', 'BPS', 'Porto Seguro', 'Brasil');

INSERT INTO Aeroportos (Aeroporto_ID, Nome, Codigo_IATA, Cidade, Pais) VALUES 
(18, 'Aeroporto de Juazeiro do Norte', 'JDO', 'Juazeiro do Norte', 'Brasil');

INSERT INTO Aeroportos (Aeroporto_ID, Nome, Codigo_IATA, Cidade, Pais) VALUES 
(19, 'Aeroporto de Uberlândia', 'UDI', 'Uberlândia', 'Brasil');

INSERT INTO Aeroportos (Aeroporto_ID, Nome, Codigo_IATA, Cidade, Pais) VALUES 
(20, 'Aeroporto de Campo Grande', 'CGR', 'Campo Grande', 'Brasil');

INSERT INTO Aeroportos (Aeroporto_ID, Nome, Codigo_IATA, Cidade, Pais) VALUES 
(21, 'Aeroporto de Maceió', 'MCZ', 'Maceió', 'Brasil');



-- Inserindo Aeronaves


INSERT INTO Aeronaves (Aeronave_ID, Modelo, Capacidade, Fabricante) VALUES 
(1, 'Boeing 737', 189, 'Boeing');

INSERT INTO Aeronaves (Aeronave_ID, Modelo, Capacidade, Fabricante) VALUES 
(2, 'Airbus A320', 180, 'Airbus');

INSERT INTO Aeronaves (Aeronave_ID, Modelo, Capacidade, Fabricante) VALUES 
(3, 'Boeing 787', 242, 'Boeing');

INSERT INTO Aeronaves (Aeronave_ID, Modelo, Capacidade, Fabricante) VALUES 
(4, 'Airbus A350', 325, 'Airbus');

INSERT INTO Aeronaves (Aeronave_ID, Modelo, Capacidade, Fabricante) VALUES 
(5, 'Embraer E195', 132, 'Embraer');

INSERT INTO Aeronaves (Aeronave_ID, Modelo, Capacidade, Fabricante) VALUES 
(6, 'Boeing 777', 396, 'Boeing');

INSERT INTO Aeronaves (Aeronave_ID, Modelo, Capacidade, Fabricante) VALUES 
(7, 'Airbus A330', 277, 'Airbus');

INSERT INTO Aeronaves (Aeronave_ID, Modelo, Capacidade, Fabricante) VALUES 
(8, 'Embraer E175', 76, 'Embraer');

INSERT INTO Aeronaves (Aeronave_ID, Modelo, Capacidade, Fabricante) VALUES 
(9, 'Boeing 747', 366, 'Boeing');

INSERT INTO Aeronaves (Aeronave_ID, Modelo, Capacidade, Fabricante) VALUES 
(10, 'Airbus A380', 555, 'Airbus');

INSERT INTO Aeronaves (Aeronave_ID, Modelo, Capacidade, Fabricante) VALUES 
(11, 'Boeing 757', 239, 'Boeing');

INSERT INTO Aeronaves (Aeronave_ID, Modelo, Capacidade, Fabricante) VALUES 
(12, 'Airbus A220', 135, 'Airbus');

INSERT INTO Aeronaves (Aeronave_ID, Modelo, Capacidade, Fabricante) VALUES 
(13, 'Boeing 767', 211, 'Boeing');

INSERT INTO Aeronaves (Aeronave_ID, Modelo, Capacidade, Fabricante) VALUES 
(14, 'Bombardier CRJ900', 90, 'Bombardier');

INSERT INTO Aeronaves (Aeronave_ID, Modelo, Capacidade, Fabricante) VALUES 
(15, 'Boeing 727', 149, 'Boeing');

INSERT INTO Aeronaves (Aeronave_ID, Modelo, Capacidade, Fabricante) VALUES 
(16, 'Airbus A321', 220, 'Airbus');

INSERT INTO Aeronaves (Aeronave_ID, Modelo, Capacidade, Fabricante) VALUES 
(17, 'Embraer E190', 114, 'Embraer');

INSERT INTO Aeronaves (Aeronave_ID, Modelo, Capacidade, Fabricante) VALUES 
(18, 'Boeing 737 MAX', 210, 'Boeing');

INSERT INTO Aeronaves (Aeronave_ID, Modelo, Capacidade, Fabricante) VALUES 
(19, 'Airbus A340', 275, 'Airbus');




-- Inserindo Registros de Voos


INSERT INTO Voos (Voo_ID, Numero_Voo, Aeronave_ID, Aeroporto_Origem_ID, Aeroporto_Destino_ID, Data_Voo, Hora_Partida, Hora_Chegada) 
VALUES (1, 'SW123', 1, 1, 2, TO_DATE('2024-09-25', 'YYYY-MM-DD'), TO_TIMESTAMP('2024-09-25 15:30:00', 'YYYY-MM-DD HH24:MI:SS'), TO_TIMESTAMP('2024-09-25 17:45:00', 'YYYY-MM-DD HH24:MI:SS'));

INSERT INTO Voos (Voo_ID, Numero_Voo, Aeronave_ID, Aeroporto_Origem_ID, Aeroporto_Destino_ID, Data_Voo, Hora_Partida, Hora_Chegada) 
VALUES (2, 'SW124', 2, 2, 3, TO_DATE('2024-09-26', 'YYYY-MM-DD'), TO_TIMESTAMP('2024-09-26 09:00:00', 'YYYY-MM-DD HH24:MI:SS'), TO_TIMESTAMP('2024-09-26 11:15:00', 'YYYY-MM-DD HH24:MI:SS'));

INSERT INTO Voos (Voo_ID, Numero_Voo, Aeronave_ID, Aeroporto_Origem_ID, Aeroporto_Destino_ID, Data_Voo, Hora_Partida, Hora_Chegada) 
VALUES (3, 'SW125', 3, 3, 4, TO_DATE('2024-09-27', 'YYYY-MM-DD'), TO_TIMESTAMP('2024-09-27 12:00:00', 'YYYY-MM-DD HH24:MI:SS'), TO_TIMESTAMP('2024-09-27 14:30:00', 'YYYY-MM-DD HH24:MI:SS'));

INSERT INTO Voos (Voo_ID, Numero_Voo, Aeronave_ID, Aeroporto_Origem_ID, Aeroporto_Destino_ID, Data_Voo, Hora_Partida, Hora_Chegada) 
VALUES (4, 'SW126', 4, 4, 5, TO_DATE('2024-09-28', 'YYYY-MM-DD'), TO_TIMESTAMP('2024-09-28 16:45:00', 'YYYY-MM-DD HH24:MI:SS'), TO_TIMESTAMP('2024-09-28 19:15:00', 'YYYY-MM-DD HH24:MI:SS'));

INSERT INTO Voos (Voo_ID, Numero_Voo, Aeronave_ID, Aeroporto_Origem_ID, Aeroporto_Destino_ID, Data_Voo, Hora_Partida, Hora_Chegada) 
VALUES (5, 'SW127', 5, 5, 6, TO_DATE('2024-09-29', 'YYYY-MM-DD'), TO_TIMESTAMP('2024-09-29 08:30:00', 'YYYY-MM-DD HH24:MI:SS'), TO_TIMESTAMP('2024-09-29 11:00:00', 'YYYY-MM-DD HH24:MI:SS'));

INSERT INTO Voos (Voo_ID, Numero_Voo, Aeronave_ID, Aeroporto_Origem_ID, Aeroporto_Destino_ID, Data_Voo, Hora_Partida, Hora_Chegada) 
VALUES (6, 'SW128', 6, 6, 7, TO_DATE('2024-09-30', 'YYYY-MM-DD'), TO_TIMESTAMP('2024-09-30 17:00:00', 'YYYY-MM-DD HH24:MI:SS'), TO_TIMESTAMP('2024-09-30 19:30:00', 'YYYY-MM-DD HH24:MI:SS'));

INSERT INTO Voos (Voo_ID, Numero_Voo, Aeronave_ID, Aeroporto_Origem_ID, Aeroporto_Destino_ID, Data_Voo, Hora_Partida, Hora_Chegada) 
VALUES (7, 'SW129', 7, 7, 8, TO_DATE('2024-10-01', 'YYYY-MM-DD'), TO_TIMESTAMP('2024-10-01 06:00:00', 'YYYY-MM-DD HH24:MI:SS'), TO_TIMESTAMP('2024-10-01 08:30:00', 'YYYY-MM-DD HH24:MI:SS'));

INSERT INTO Voos (Voo_ID, Numero_Voo, Aeronave_ID, Aeroporto_Origem_ID, Aeroporto_Destino_ID, Data_Voo, Hora_Partida, Hora_Chegada) 
VALUES (8, 'SW130', 8, 8, 9, TO_DATE('2024-10-02', 'YYYY-MM-DD'), TO_TIMESTAMP('2024-10-02 14:00:00', 'YYYY-MM-DD HH24:MI:SS'), TO_TIMESTAMP('2024-10-02 16:30:00', 'YYYY-MM-DD HH24:MI:SS'));

INSERT INTO Voos (Voo_ID, Numero_Voo, Aeronave_ID, Aeroporto_Origem_ID, Aeroporto_Destino_ID, Data_Voo, Hora_Partida, Hora_Chegada) 
VALUES (9, 'SW131', 9, 9, 10, TO_DATE('2024-10-03', 'YYYY-MM-DD'), TO_TIMESTAMP('2024-10-03 19:30:00', 'YYYY-MM-DD HH24:MI:SS'), TO_TIMESTAMP('2024-10-03 21:45:00', 'YYYY-MM-DD HH24:MI:SS'));

INSERT INTO Voos (Voo_ID, Numero_Voo, Aeronave_ID, Aeroporto_Origem_ID, Aeroporto_Destino_ID, Data_Voo, Hora_Partida, Hora_Chegada) 
VALUES (10, 'SW132', 10, 10, 11, TO_DATE('2024-10-04', 'YYYY-MM-DD'), TO_TIMESTAMP('2024-10-04 07:00:00', 'YYYY-MM-DD HH24:MI:SS'), TO_TIMESTAMP('2024-10-04 09:45:00', 'YYYY-MM-DD HH24:MI:SS'));

INSERT INTO Voos (Voo_ID, Numero_Voo, Aeronave_ID, Aeroporto_Origem_ID, Aeroporto_Destino_ID, Data_Voo, Hora_Partida, Hora_Chegada) 
VALUES (11, 'SW133', 11, 11, 12, TO_DATE('2024-10-05', 'YYYY-MM-DD'), TO_TIMESTAMP('2024-10-05 12:30:00', 'YYYY-MM-DD HH24:MI:SS'), TO_TIMESTAMP('2024-10-05 15:00:00', 'YYYY-MM-DD HH24:MI:SS'));

INSERT INTO Voos (Voo_ID, Numero_Voo, Aeronave_ID, Aeroporto_Origem_ID, Aeroporto_Destino_ID, Data_Voo, Hora_Partida, Hora_Chegada) 
VALUES (12, 'SW134', 12, 12, 13, TO_DATE('2024-10-06', 'YYYY-MM-DD'), TO_TIMESTAMP('2024-10-06 10:00:00', 'YYYY-MM-DD HH24:MI:SS'), TO_TIMESTAMP('2024-10-06 12:15:00', 'YYYY-MM-DD HH24:MI:SS'));

INSERT INTO Voos (Voo_ID, Numero_Voo, Aeronave_ID, Aeroporto_Origem_ID, Aeroporto_Destino_ID, Data_Voo, Hora_Partida, Hora_Chegada) 
VALUES (13, 'SW135', 13, 13, 14, TO_DATE('2024-10-07', 'YYYY-MM-DD'), TO_TIMESTAMP('2024-10-07 11:00:00', 'YYYY-MM-DD HH24:MI:SS'), TO_TIMESTAMP('2024-10-07 13:30:00', 'YYYY-MM-DD HH24:MI:SS'));

INSERT INTO Voos (Voo_ID, Numero_Voo, Aeronave_ID, Aeroporto_Origem_ID, Aeroporto_Destino_ID, Data_Voo, Hora_Partida, Hora_Chegada) 
VALUES (14, 'SW136', 14, 14, 15, TO_DATE('2024-10-08', 'YYYY-MM-DD'), TO_TIMESTAMP('2024-10-08 09:00:00', 'YYYY-MM-DD HH24:MI:SS'), TO_TIMESTAMP('2024-10-08 11:45:00', 'YYYY-MM-DD HH24:MI:SS'));

INSERT INTO Voos (Voo_ID, Numero_Voo, Aeronave_ID, Aeroporto_Origem_ID, Aeroporto_Destino_ID, Data_Voo, Hora_Partida, Hora_Chegada) 
VALUES (15, 'SW137', 15, 15, 16, TO_DATE('2024-10-09', 'YYYY-MM-DD'), TO_TIMESTAMP('2024-10-09 16:30:00', 'YYYY-MM-DD HH24:MI:SS'), TO_TIMESTAMP('2024-10-09 19:00:00', 'YYYY-MM-DD HH24:MI:SS'));

INSERT INTO Voos (Voo_ID, Numero_Voo, Aeronave_ID, Aeroporto_Origem_ID, Aeroporto_Destino_ID, Data_Voo, Hora_Partida, Hora_Chegada) 
VALUES (16, 'SW138', 16, 16, 17, TO_DATE('2024-10-10', 'YYYY-MM-DD'), TO_TIMESTAMP('2024-10-10 14:45:00', 'YYYY-MM-DD HH24:MI:SS'), TO_TIMESTAMP('2024-10-10 17:15:00', 'YYYY-MM-DD HH24:MI:SS'));

INSERT INTO Voos (Voo_ID, Numero_Voo, Aeronave_ID, Aeroporto_Origem_ID, Aeroporto_Destino_ID, Data_Voo, Hora_Partida, Hora_Chegada) 
VALUES (17, 'SW139', 17, 17, 18, TO_DATE('2024-10-11', 'YYYY-MM-DD'), TO_TIMESTAMP('2024-10-11 13:00:00', 'YYYY-MM-DD HH24:MI:SS'), TO_TIMESTAMP('2024-10-11 15:45:00', 'YYYY-MM-DD HH24:MI:SS'));

INSERT INTO Voos (Voo_ID, Numero_Voo, Aeronave_ID, Aeroporto_Origem_ID, Aeroporto_Destino_ID, Data_Voo, Hora_Partida, Hora_Chegada) 
VALUES (18, 'SW140', 18, 18, 19, TO_DATE('2024-10-12', 'YYYY-MM-DD'), TO_TIMESTAMP('2024-10-12 08:00:00', 'YYYY-MM-DD HH24:MI:SS'), TO_TIMESTAMP('2024-10-12 10:30:00', 'YYYY-MM-DD HH24:MI:SS'));

INSERT INTO Voos (Voo_ID, Numero_Voo, Aeronave_ID, Aeroporto_Origem_ID, Aeroporto_Destino_ID, Data_Voo, Hora_Partida, Hora_Chegada) 
VALUES (19, 'SW141', 19, 19, 1, TO_DATE('2024-10-13', 'YYYY-MM-DD'), TO_TIMESTAMP('2024-10-13 19:30:00', 'YYYY-MM-DD HH24:MI:SS'), TO_TIMESTAMP('2024-10-13 22:00:00', 'YYYY-MM-DD HH24:MI:SS'));

INSERT INTO Voos (Voo_ID, Numero_Voo, Aeronave_ID, Aeroporto_Origem_ID, Aeroporto_Destino_ID, Data_Voo, Hora_Partida, Hora_Chegada) 
VALUES (20, 'SW142', 1, 1, 20, TO_DATE('2024-10-14', 'YYYY-MM-DD'), TO_TIMESTAMP('2024-10-14 07:00:00', 'YYYY-MM-DD HH24:MI:SS'), TO_TIMESTAMP('2024-10-14 09:45:00', 'YYYY-MM-DD HH24:MI:SS'));




-- Inserindo Tripulantes


INSERT INTO Tripulantes (Tripulante_ID, Nome, Cargo, Data_Contratacao, Aeronave_ID) 
VALUES (1, 'Ana Souza', 'Piloto', TO_DATE('2020-03-15', 'YYYY-MM-DD'), 1);

INSERT INTO Tripulantes (Tripulante_ID, Nome, Cargo, Data_Contratacao, Aeronave_ID) 
VALUES (2, 'Carlos Almeida', 'Co-Piloto', TO_DATE('2021-05-22', 'YYYY-MM-DD'), 2);

INSERT INTO Tripulantes (Tripulante_ID, Nome, Cargo, Data_Contratacao, Aeronave_ID) 
VALUES (3, 'Fernanda Lima', 'Comissário', TO_DATE('2019-08-10', 'YYYY-MM-DD'), 3);

INSERT INTO Tripulantes (Tripulante_ID, Nome, Cargo, Data_Contratacao, Aeronave_ID) 
VALUES (4, 'João Pereira', 'Piloto', TO_DATE('2018-06-18', 'YYYY-MM-DD'), 4);

INSERT INTO Tripulantes (Tripulante_ID, Nome, Cargo, Data_Contratacao, Aeronave_ID) 
VALUES (5, 'Mariana Santos', 'Comissário', TO_DATE('2022-01-12', 'YYYY-MM-DD'), 5);

INSERT INTO Tripulantes (Tripulante_ID, Nome, Cargo, Data_Contratacao, Aeronave_ID) 
VALUES (6, 'Roberto Dias', 'Co-Piloto', TO_DATE('2020-11-30', 'YYYY-MM-DD'), 6);

INSERT INTO Tripulantes (Tripulante_ID, Nome, Cargo, Data_Contratacao, Aeronave_ID) 
VALUES (7, 'Luciana Ribeiro', 'Comissário', TO_DATE('2017-07-21', 'YYYY-MM-DD'), 7);

INSERT INTO Tripulantes (Tripulante_ID, Nome, Cargo, Data_Contratacao, Aeronave_ID) 
VALUES (8, 'Marcelo Teixeira', 'Piloto', TO_DATE('2021-10-14', 'YYYY-MM-DD'), 8);

INSERT INTO Tripulantes (Tripulante_ID, Nome, Cargo, Data_Contratacao, Aeronave_ID) 
VALUES (9, 'Patrícia Ferreira', 'Comissário', TO_DATE('2019-12-03', 'YYYY-MM-DD'), 9);

INSERT INTO Tripulantes (Tripulante_ID, Nome, Cargo, Data_Contratacao, Aeronave_ID) 
VALUES (10, 'Bruno Araújo', 'Piloto', TO_DATE('2020-04-09', 'YYYY-MM-DD'), 10);

INSERT INTO Tripulantes (Tripulante_ID, Nome, Cargo, Data_Contratacao, Aeronave_ID) 
VALUES (11, 'Renata Costa', 'Comissário', TO_DATE('2021-09-17', 'YYYY-MM-DD'), 11);

INSERT INTO Tripulantes (Tripulante_ID, Nome, Cargo, Data_Contratacao, Aeronave_ID) 
VALUES (12, 'Pedro Martins', 'Co-Piloto', TO_DATE('2022-02-22', 'YYYY-MM-DD'), 12);

INSERT INTO Tripulantes (Tripulante_ID, Nome, Cargo, Data_Contratacao, Aeronave_ID) 
VALUES (13, 'Sofia Carvalho', 'Comissário', TO_DATE('2018-09-05', 'YYYY-MM-DD'), 13);

INSERT INTO Tripulantes (Tripulante_ID, Nome, Cargo, Data_Contratacao, Aeronave_ID) 
VALUES (14, 'Eduardo Nogueira', 'Piloto', TO_DATE('2019-07-30', 'YYYY-MM-DD'), 14);

INSERT INTO Tripulantes (Tripulante_ID, Nome, Cargo, Data_Contratacao, Aeronave_ID) 
VALUES (15, 'Cláudia Mendes', 'Comissário', TO_DATE('2020-03-10', 'YYYY-MM-DD'), 15);

INSERT INTO Tripulantes (Tripulante_ID, Nome, Cargo, Data_Contratacao, Aeronave_ID) 
VALUES (16, 'Thiago Barbosa', 'Co-Piloto', TO_DATE('2021-11-18', 'YYYY-MM-DD'), 16);

INSERT INTO Tripulantes (Tripulante_ID, Nome, Cargo, Data_Contratacao, Aeronave_ID) 
VALUES (17, 'Juliana Farias', 'Comissário', TO_DATE('2022-06-25', 'YYYY-MM-DD'), 17);

INSERT INTO Tripulantes (Tripulante_ID, Nome, Cargo, Data_Contratacao, Aeronave_ID) 
VALUES (18, 'Ricardo Souza', 'Piloto', TO_DATE('2018-01-30', 'YYYY-MM-DD'), 18);

INSERT INTO Tripulantes (Tripulante_ID, Nome, Cargo, Data_Contratacao, Aeronave_ID) 
VALUES (19, 'Adriana Rodrigues', 'Comissário', TO_DATE('2017-05-03', 'YYYY-MM-DD'), 19);

INSERT INTO Tripulantes (Tripulante_ID, Nome, Cargo, Data_Contratacao, Aeronave_ID) 
VALUES (20, 'Gustavo Lima', 'Piloto', TO_DATE('2020-08-15', 'YYYY-MM-DD'), 20);



-- Inserindo Reservas



INSERT INTO Reservas (Reserva_ID, Passageiro_ID, Voo_ID, Data_Reserva, Status_Reserva) 
VALUES (1, 1, 1, TO_DATE('2024-09-15', 'YYYY-MM-DD'), 'Confirmada');

INSERT INTO Reservas (Reserva_ID, Passageiro_ID, Voo_ID, Data_Reserva, Status_Reserva) 
VALUES (2, 2, 2, TO_DATE('2024-09-16', 'YYYY-MM-DD'), 'Confirmada');

INSERT INTO Reservas (Reserva_ID, Passageiro_ID, Voo_ID, Data_Reserva, Status_Reserva) 
VALUES (3, 3, 3, TO_DATE('2024-09-17', 'YYYY-MM-DD'), 'Confirmada');

INSERT INTO Reservas (Reserva_ID, Passageiro_ID, Voo_ID, Data_Reserva, Status_Reserva) 
VALUES (4, 4, 4, TO_DATE('2024-09-18', 'YYYY-MM-DD'), 'Cancelada');

INSERT INTO Reservas (Reserva_ID, Passageiro_ID, Voo_ID, Data_Reserva, Status_Reserva) 
VALUES (5, 5, 5, TO_DATE('2024-09-19', 'YYYY-MM-DD'), 'Confirmada');

INSERT INTO Reservas (Reserva_ID, Passageiro_ID, Voo_ID, Data_Reserva, Status_Reserva) 
VALUES (6, 6, 6, TO_DATE('2024-09-20', 'YYYY-MM-DD'), 'Confirmada');

INSERT INTO Reservas (Reserva_ID, Passageiro_ID, Voo_ID, Data_Reserva, Status_Reserva) 
VALUES (7, 7, 7, TO_DATE('2024-09-21', 'YYYY-MM-DD'), 'Confirmada');

INSERT INTO Reservas (Reserva_ID, Passageiro_ID, Voo_ID, Data_Reserva, Status_Reserva) 
VALUES (8, 8, 8, TO_DATE('2024-09-22', 'YYYY-MM-DD'), 'Cancelada');

INSERT INTO Reservas (Reserva_ID, Passageiro_ID, Voo_ID, Data_Reserva, Status_Reserva) 
VALUES (9, 9, 9, TO_DATE('2024-09-23', 'YYYY-MM-DD'), 'Confirmada');

INSERT INTO Reservas (Reserva_ID, Passageiro_ID, Voo_ID, Data_Reserva, Status_Reserva) 
VALUES (10, 10, 10, TO_DATE('2024-09-24', 'YYYY-MM-DD'), 'Confirmada');

INSERT INTO Reservas (Reserva_ID, Passageiro_ID, Voo_ID, Data_Reserva, Status_Reserva) 
VALUES (11, 11, 11, TO_DATE('2024-09-25', 'YYYY-MM-DD'), 'Cancelada');

INSERT INTO Reservas (Reserva_ID, Passageiro_ID, Voo_ID, Data_Reserva, Status_Reserva) 
VALUES (12, 12, 12, TO_DATE('2024-09-26', 'YYYY-MM-DD'), 'Confirmada');

INSERT INTO Reservas (Reserva_ID, Passageiro_ID, Voo_ID, Data_Reserva, Status_Reserva) 
VALUES (13, 13, 13, TO_DATE('2024-09-27', 'YYYY-MM-DD'), 'Confirmada');

INSERT INTO Reservas (Reserva_ID, Passageiro_ID, Voo_ID, Data_Reserva, Status_Reserva) 
VALUES (14, 14, 14, TO_DATE('2024-09-28', 'YYYY-MM-DD'), 'Cancelada');

INSERT INTO Reservas (Reserva_ID, Passageiro_ID, Voo_ID, Data_Reserva, Status_Reserva) 
VALUES (15, 15, 15, TO_DATE('2024-09-29', 'YYYY-MM-DD'), 'Confirmada');

INSERT INTO Reservas (Reserva_ID, Passageiro_ID, Voo_ID, Data_Reserva, Status_Reserva) 
VALUES (16, 16, 16, TO_DATE('2024-09-30', 'YYYY-MM-DD'), 'Confirmada');

INSERT INTO Reservas (Reserva_ID, Passageiro_ID, Voo_ID, Data_Reserva, Status_Reserva) 
VALUES (17, 17, 17, TO_DATE('2024-10-01', 'YYYY-MM-DD'), 'Cancelada');

INSERT INTO Reservas (Reserva_ID, Passageiro_ID, Voo_ID, Data_Reserva, Status_Reserva) 
VALUES (18, 18, 18, TO_DATE('2024-10-02', 'YYYY-MM-DD'), 'Confirmada');

INSERT INTO Reservas (Reserva_ID, Passageiro_ID, Voo_ID, Data_Reserva, Status_Reserva) 
VALUES (19, 19, 19, TO_DATE('2024-10-03', 'YYYY-MM-DD'), 'Confirmada');

INSERT INTO Reservas (Reserva_ID, Passageiro_ID, Voo_ID, Data_Reserva, Status_Reserva) 
VALUES (20, 20, 20, TO_DATE('2024-10-04', 'YYYY-MM-DD'), 'Cancelada');



-- inserindo checkin



INSERT INTO Checkin (Checkin_ID, Reserva_ID, Data_Checkin, Bagagem) 
VALUES (1, 1, TO_DATE('2024-09-25', 'YYYY-MM-DD'), 1);

INSERT INTO Checkin (Checkin_ID, Reserva_ID, Data_Checkin, Bagagem) 
VALUES (2, 2, TO_DATE('2024-09-26', 'YYYY-MM-DD'), 0);

INSERT INTO Checkin (Checkin_ID, Reserva_ID, Data_Checkin, Bagagem) 
VALUES (3, 3, TO_DATE('2024-09-27', 'YYYY-MM-DD'), 1);

INSERT INTO Checkin (Checkin_ID, Reserva_ID, Data_Checkin, Bagagem) 
VALUES (4, 4, TO_DATE('2024-09-28', 'YYYY-MM-DD'), 0);

INSERT INTO Checkin (Checkin_ID, Reserva_ID, Data_Checkin, Bagagem) 
VALUES (5, 5, TO_DATE('2024-09-29', 'YYYY-MM-DD'), 1);

INSERT INTO Checkin (Checkin_ID, Reserva_ID, Data_Checkin, Bagagem) 
VALUES (6, 6, TO_DATE('2024-09-30', 'YYYY-MM-DD'), 0);

INSERT INTO Checkin (Checkin_ID, Reserva_ID, Data_Checkin, Bagagem) 
VALUES (7, 7, TO_DATE('2024-10-01', 'YYYY-MM-DD'), 1);

INSERT INTO Checkin (Checkin_ID, Reserva_ID, Data_Checkin, Bagagem) 
VALUES (8, 8, TO_DATE('2024-10-02', 'YYYY-MM-DD'), 0);

INSERT INTO Checkin (Checkin_ID, Reserva_ID, Data_Checkin, Bagagem) 
VALUES (9, 9, TO_DATE('2024-10-03', 'YYYY-MM-DD'), 1);

INSERT INTO Checkin (Checkin_ID, Reserva_ID, Data_Checkin, Bagagem) 
VALUES (10, 10, TO_DATE('2024-10-04', 'YYYY-MM-DD'), 0);

INSERT INTO Checkin (Checkin_ID, Reserva_ID, Data_Checkin, Bagagem) 
VALUES (11, 11, TO_DATE('2024-10-05', 'YYYY-MM-DD'), 1);

INSERT INTO Checkin (Checkin_ID, Reserva_ID, Data_Checkin, Bagagem) 
VALUES (12, 12, TO_DATE('2024-10-06', 'YYYY-MM-DD'), 0);

INSERT INTO Checkin (Checkin_ID, Reserva_ID, Data_Checkin, Bagagem) 
VALUES (13, 13, TO_DATE('2024-10-07', 'YYYY-MM-DD'), 1);

INSERT INTO Checkin (Checkin_ID, Reserva_ID, Data_Checkin, Bagagem) 
VALUES (14, 14, TO_DATE('2024-10-08', 'YYYY-MM-DD'), 0);

INSERT INTO Checkin (Checkin_ID, Reserva_ID, Data_Checkin, Bagagem) 
VALUES (15, 15, TO_DATE('2024-10-09', 'YYYY-MM-DD'), 1);

INSERT INTO Checkin (Checkin_ID, Reserva_ID, Data_Checkin, Bagagem) 
VALUES (16, 16, TO_DATE('2024-10-10', 'YYYY-MM-DD'), 0);

INSERT INTO Checkin (Checkin_ID, Reserva_ID, Data_Checkin, Bagagem) 
VALUES (17, 17, TO_DATE('2024-10-11', 'YYYY-MM-DD'), 1);

INSERT INTO Checkin (Checkin_ID, Reserva_ID, Data_Checkin, Bagagem) 
VALUES (18, 18, TO_DATE('2024-10-12', 'YYYY-MM-DD'), 0);

INSERT INTO Checkin (Checkin_ID, Reserva_ID, Data_Checkin, Bagagem) 
VALUES (19, 19, TO_DATE('2024-10-13', 'YYYY-MM-DD'), 1);

INSERT INTO Checkin (Checkin_ID, Reserva_ID, Data_Checkin, Bagagem) 
VALUES (20, 20, TO_DATE('2024-10-14', 'YYYY-MM-DD'), 0);